<datafields>

  <!-- processing rules for 880/$6 -->

  <datafield tag="015" convertLinked="false"/>
  <datafield tag="017" convertLinked="false"/>
  <datafield tag="018" convertLinked="false"/>
  <datafield tag="020" convertLinked="false"/>
  <datafield tag="022" convertLinked="false"/>
  <datafield tag="024" convertLinked="false"/>
  <datafield tag="026" convertLinked="false"/>
  <datafield tag="027" convertLinked="false"/>
  <datafield tag="028" convertLinked="false"/>
  <datafield tag="030" convertLinked="false"/>
  <datafield tag="032" convertLinked="false"/>
  <datafield tag="033" convertLinked="false"/>
  <datafield tag="034" convertLinked="false"/>
  <datafield tag="035" convertLinked="false"/>
  <datafield tag="036" convertLinked="false"/>
  <datafield tag="037" convertLinked="false"/>
  <datafield tag="038" convertLinked="false"/>
  <datafield tag="040" convertLinked="false"/>
  <datafield tag="041" convertLinked="false"/>
  <datafield tag="043" convertLinked="false"/>
  <datafield tag="045" convertLinked="false"/>
  <datafield tag="046" convertLinked="false"/>
  <datafield tag="050" convertLinked="false"/>
  <datafield tag="052" convertLinked="false"/>
  <datafield tag="055" convertLinked="false"/>
  <datafield tag="072" convertLinked="false"/>
  <datafield tag="082" convertLinked="false"/>
  <datafield tag="084" convertLinked="false"/>
  <datafield tag="086" convertLinked="false"/>
  <datafield tag="088" convertLinked="false"/>
  <datafield tag="100" convertLinked="false"/>
  <datafield tag="110" convertLinked="false"/>
  <datafield tag="111" convertLinked="false"/>
  <datafield tag="130" convertLinked="false"/>
  <datafield tag="210" convertLinked="true"/>
  <datafield tag="222" convertLinked="true"/>
  <datafield tag="240" convertLinked="false"/>
  <datafield tag="242" convertLinked="true"/>
  <datafield tag="243" convertLinked="true"/>
  <datafield tag="245" convertLinked="false"/> <!-- special case, linked 880 converted together with regular field -->
  <datafield tag="246" convertLinked="true"/>
  <datafield tag="247" convertLinked="true"/>
  <datafield tag="250" convertLinked="true"/>
  <datafield tag="251" convertLinked="false"/>
  <datafield tag="254" convertLinked="false"/>
  <datafield tag="255" convertLinked="false"/>
  <datafield tag="256" convertLinked="false"/>
  <datafield tag="257" convertLinked="false"/>
  <datafield tag="260" convertLinked="true"/>
  <datafield tag="261" convertLinked="false"/>
  <datafield tag="262" convertLinked="false"/>
  <datafield tag="263" convertLinked="false"/>
  <datafield tag="264" convertLinked="true"/>
  <datafield tag="265" convertLinked="false"/>
  <datafield tag="300" convertLinked="false"/>
  <datafield tag="306" convertLinked="false"/>
  <datafield tag="310" convertLinked="false"/>
  <datafield tag="321" convertLinked="false"/>
  <datafield tag="336" convertLinked="false"/>
  <datafield tag="337" convertLinked="false"/>
  <datafield tag="338" convertLinked="false"/>
  <datafield tag="340" convertLinked="false"/>
  <datafield tag="341" convertLinked="false"/>
  <datafield tag="344" convertLinked="false"/>
  <datafield tag="345" convertLinked="false"/>
  <datafield tag="346" convertLinked="false"/>
  <datafield tag="347" convertLinked="false"/>
  <datafield tag="348" convertLinked="false"/>
  <datafield tag="350" convertLinked="false"/>
  <datafield tag="351" convertLinked="false"/>
  <datafield tag="352" convertLinked="false"/>
  <datafield tag="362" convertLinked="false"/>
  <datafield tag="370" convertLinked="false"/>
  <datafield tag="377" convertLinked="false"/>
  <datafield tag="380" convertLinked="false"/>
  <datafield tag="382" convertLinked="false"/>
  <datafield tag="383" convertLinked="false"/>
  <datafield tag="384" convertLinked="false"/>
  <datafield tag="385" convertLinked="false"/>
  <datafield tag="386" convertLinked="false"/>
  <datafield tag="440" convertLinked="false"/>
  <datafield tag="490" convertLinked="true"/>
  <datafield tag="500" convertLinked="true"/>
  <datafield tag="501" convertLinked="true"/>
  <datafield tag="502" convertLinked="true"/>
  <datafield tag="504" convertLinked="true"/>
  <datafield tag="505" convertLinked="true"/>
  <datafield tag="506" convertLinked="true"/>
  <datafield tag="507" convertLinked="true"/>
  <datafield tag="508" convertLinked="true"/>
  <datafield tag="510" convertLinked="true"/>
  <datafield tag="511" convertLinked="true"/>
  <datafield tag="513" convertLinked="true"/>
  <datafield tag="515" convertLinked="true"/>
  <datafield tag="516" convertLinked="true"/>
  <datafield tag="518" convertLinked="true"/>
  <datafield tag="520" convertLinked="true"/>
  <datafield tag="521" convertLinked="true"/>
  <datafield tag="522" convertLinked="true"/>
  <datafield tag="524" convertLinked="true"/>
  <datafield tag="525" convertLinked="true"/>
  <datafield tag="530" convertLinked="true"/>
  <datafield tag="532" convertLinked="true"/>
  <datafield tag="533" convertLinked="true"/>
  <datafield tag="534" convertLinked="true"/>
  <datafield tag="536" convertLinked="true"/>
  <datafield tag="538" convertLinked="true"/>
  <datafield tag="540" convertLinked="true"/>
  <datafield tag="541" convertLinked="true"/>
  <datafield tag="544" convertLinked="true"/>
  <datafield tag="545" convertLinked="true"/>
  <datafield tag="546" convertLinked="true"/>
  <datafield tag="547" convertLinked="true"/>
  <datafield tag="550" convertLinked="true"/>
  <datafield tag="555" convertLinked="true"/>
  <datafield tag="556" convertLinked="true"/>
  <datafield tag="561" convertLinked="true"/>
  <datafield tag="563" convertLinked="true"/>
  <datafield tag="580" convertLinked="true"/>
  <datafield tag="581" convertLinked="true"/>
  <datafield tag="583" convertLinked="true"/>
  <datafield tag="585" convertLinked="true"/>
  <datafield tag="586" convertLinked="true"/>
  <datafield tag="588" convertLinked="true"/>
  <datafield tag="600" convertLinked="false"/>
  <datafield tag="610" convertLinked="false"/>
  <datafield tag="611" convertLinked="false"/>
  <datafield tag="630" convertLinked="false"/>
  <datafield tag="648" convertLinked="false"/>
  <datafield tag="650" convertLinked="false"/>
  <datafield tag="651" convertLinked="false"/>
  <datafield tag="653" convertLinked="false"/>
  <datafield tag="655" convertLinked="false"/>
  <datafield tag="656" convertLinked="false"/>
  <datafield tag="662" convertLinked="false"/>
  <datafield tag="700" convertLinked="false"/>
  <datafield tag="710" convertLinked="false"/>
  <datafield tag="711" convertLinked="false"/>
  <datafield tag="720" convertLinked="false"/>
  <datafield tag="730" convertLinked="false"/>
  <datafield tag="740" convertLinked="false"/>
  <datafield tag="752" convertLinked="false"/>
  <datafield tag="753" convertLinked="false"/>
  <datafield tag="760" convertLinked="true"/>
  <datafield tag="762" convertLinked="true"/>
  <datafield tag="765" convertLinked="true"/>
  <datafield tag="767" convertLinked="true"/>
  <datafield tag="770" convertLinked="true"/>
  <datafield tag="772" convertLinked="true"/>
  <datafield tag="773" convertLinked="true"/>
  <datafield tag="774" convertLinked="true"/>
  <datafield tag="775" convertLinked="true"/>
  <datafield tag="776" convertLinked="true"/>
  <datafield tag="777" convertLinked="true"/>
  <datafield tag="780" convertLinked="true"/>
  <datafield tag="785" convertLinked="true"/>
  <datafield tag="786" convertLinked="true"/>
  <datafield tag="787" convertLinked="true"/>
  <datafield tag="800" convertLinked="false"/>
  <datafield tag="810" convertLinked="false"/>
  <datafield tag="811" convertLinked="false"/>
  <datafield tag="830" convertLinked="false"/>
  <datafield tag="856" convertLinked="false"/>

</datafields>
