<xml-scripts>
  <!-- from iso15924-utf8-20200424.txt -->
  <!-- Used to generate xml:lang attributes on nodes that are generated by 880 fields -->
  <!-- See the template for mode "xmllang" in the utils.xsl stylesheet -->

  <script code="Adlm" num="166" name="Adlam"/>
  <script code="Afak" num="439" name="Afaka"/>
  <script code="Aghb" num="239" name="Caucasian Albanian"/>
  <script code="Ahom" num="338" name="Ahom, Tai Ahom"/>
  <script code="Arab" num="160" name="Arabic"/>
  <script code="Aran" num="161" name="Arabic (Nastaliq variant)"/>
  <script code="Armi" num="124" name="Imperial Aramaic"/>
  <script code="Armn" num="230" name="Armenian"/>
  <script code="Avst" num="134" name="Avestan"/>
  <script code="Bali" num="360" name="Balinese"/>
  <script code="Bamu" num="435" name="Bamum"/>
  <script code="Bass" num="259" name="Bassa Vah"/>
  <script code="Batk" num="365" name="Batak"/>
  <script code="Beng" num="325" name="Bengali (Bangla)"/>
  <script code="Bhks" num="334" name="Bhaiksuki"/>
  <script code="Blis" num="550" name="Blissymbols"/>
  <script code="Bopo" num="285" name="Bopomofo"/>
  <script code="Brah" num="300" name="Brahmi"/>
  <script code="Brai" num="570" name="Braille"/>
  <script code="Bugi" num="367" name="Buginese"/>
  <script code="Buhd" num="372" name="Buhid"/>
  <script code="Cakm" num="349" name="Chakma"/>
  <script code="Cans" num="440" name="Unified Canadian Aboriginal Syllabics"/>
  <script code="Cari" num="201" name="Carian"/>
  <script code="Cham" num="358" name="Cham"/>
  <script code="Cher" num="445" name="Cherokee"/>
  <script code="Chrs" num="109" name="Chorasmian"/>
  <script code="Cirt" num="291" name="Cirth"/>
  <script code="Copt" num="204" name="Coptic"/>
  <script code="Cpmn" num="402" name="Cypro-Minoan"/>
  <script code="Cprt" num="403" name="Cypriot syllabary"/>
  <script code="Cyrl" num="220" name="Cyrillic"/>
  <script code="Cyrs" num="221" name="Cyrillic (Old Church Slavonic variant)"/>
  <script code="Deva" num="315" name="Devanagari (Nagari)"/>
  <script code="Diak" num="342" name="Dives Akuru"/>
  <script code="Dogr" num="328" name="Dogra"/>
  <script code="Dsrt" num="250" name="Deseret (Mormon)"/>
  <script code="Dupl" num="755" name="Duployan shorthand, Duployan stenography"/>
  <script code="Egyd" num="070" name="Egyptian demotic"/>
  <script code="Egyh" num="060" name="Egyptian hieratic"/>
  <script code="Egyp" num="050" name="Egyptian hieroglyphs"/>
  <script code="Elba" num="226" name="Elbasan"/>
  <script code="Elym" num="128" name="Elymaic"/>
  <script code="Ethi" num="430" name="Ethiopic (Geʻez)"/>
  <script code="Geok" num="241" name="Khutsuri (Asomtavruli and Nuskhuri)"/>
  <script code="Geor" num="240" name="Georgian (Mkhedruli and Mtavruli)"/>
  <script code="Glag" num="225" name="Glagolitic"/>
  <script code="Gong" num="312" name="Gunjala Gondi"/>
  <script code="Gonm" num="313" name="Masaram Gondi"/>
  <script code="Goth" num="206" name="Gothic"/>
  <script code="Gran" num="343" name="Grantha"/>
  <script code="Grek" num="200" name="Greek"/>
  <script code="Gujr" num="320" name="Gujarati"/>
  <script code="Guru" num="310" name="Gurmukhi"/>
  <script code="Hanb" num="503" name="Han with Bopomofo (alias for Han + Bopomofo)"/>
  <script code="Hang" num="286" name="Hangul (Hangŭl, Hangeul)"/>
  <script code="Hani" num="500" name="Han (Hanzi, Kanji, Hanja)"/>
  <script code="Hano" num="371" name="Hanunoo (Hanunóo)"/>
  <script code="Hans" num="501" name="Han (Simplified variant)"/>
  <script code="Hant" num="502" name="Han (Traditional variant)"/>
  <script code="Hatr" num="127" name="Hatran"/>
  <script code="Hebr" num="125" name="Hebrew"/>
  <script code="Hira" num="410" name="Hiragana"/>
  <script code="Hluw" num="080" name="Anatolian Hieroglyphs (Luwian Hieroglyphs, Hittite Hieroglyphs)"/>
  <script code="Hmng" num="450" name="Pahawh Hmong"/>
  <script code="Hmnp" num="451" name="Nyiakeng Puachue Hmong"/>
  <script code="Hrkt" num="412" name="Japanese syllabaries (alias for Hiragana + Katakana)"/>
  <script code="Hung" num="176" name="Old Hungarian (Hungarian Runic)"/>
  <script code="Inds" num="610" name="Indus (Harappan)"/>
  <script code="Ital" num="210" name="Old Italic (Etruscan, Oscan, etc.)"/>
  <script code="Jamo" num="284" name="Jamo (alias for Jamo subset of Hangul)"/>
  <script code="Java" num="361" name="Javanese"/>
  <script code="Jpan" num="413" name="Japanese (alias for Han + Hiragana + Katakana)"/>
  <script code="Jurc" num="510" name="Jurchen"/>
  <script code="Kali" num="357" name="Kayah Li"/>
  <script code="Kana" num="411" name="Katakana"/>
  <script code="Khar" num="305" name="Kharoshthi"/>
  <script code="Khmr" num="355" name="Khmer"/>
  <script code="Khoj" num="322" name="Khojki"/>
  <script code="Kitl" num="505" name="Khitan large script"/>
  <script code="Kits" num="288" name="Khitan small script"/>
  <script code="Knda" num="345" name="Kannada"/>
  <script code="Kore" num="287" name="Korean (alias for Hangul + Han)"/>
  <script code="Kpel" num="436" name="Kpelle"/>
  <script code="Kthi" num="317" name="Kaithi"/>
  <script code="Lana" num="351" name="Tai Tham (Lanna)"/>
  <script code="Laoo" num="356" name="Lao"/>
  <script code="Latf" num="217" name="Latin (Fraktur variant)"/>
  <script code="Latg" num="216" name="Latin (Gaelic variant)"/>
  <script code="Latn" num="215" name="Latin"/>
  <script code="Leke" num="364" name="Leke"/>
  <script code="Lepc" num="335" name="Lepcha (Róng)"/>
  <script code="Limb" num="336" name="Limbu"/>
  <script code="Lina" num="400" name="Linear A"/>
  <script code="Linb" num="401" name="Linear B"/>
  <script code="Lisu" num="399" name="Lisu (Fraser)"/>
  <script code="Loma" num="437" name="Loma"/>
  <script code="Lyci" num="202" name="Lycian"/>
  <script code="Lydi" num="116" name="Lydian"/>
  <script code="Mahj" num="314" name="Mahajani"/>
  <script code="Maka" num="366" name="Makasar"/>
  <script code="Mand" num="140" name="Mandaic, Mandaean"/>
  <script code="Mani" num="139" name="Manichaean"/>
  <script code="Marc" num="332" name="Marchen"/>
  <script code="Maya" num="090" name="Mayan hieroglyphs"/>
  <script code="Medf" num="265" name="Medefaidrin (Oberi Okaime, Oberi Ɔkaimɛ)"/>
  <script code="Mend" num="438" name="Mende Kikakui"/>
  <script code="Merc" num="101" name="Meroitic Cursive"/>
  <script code="Mero" num="100" name="Meroitic Hieroglyphs"/>
  <script code="Mlym" num="347" name="Malayalam"/>
  <script code="Modi" num="324" name="Modi, Moḍī"/>
  <script code="Mong" num="145" name="Mongolian"/>
  <script code="Moon" num="218" name="Moon (Moon code, Moon script, Moon type)"/>
  <script code="Mroo" num="264" name="Mro, Mru"/>
  <script code="Mtei" num="337" name="Meitei Mayek (Meithei, Meetei)"/>
  <script code="Mult" num="323" name="Multani"/>
  <script code="Mymr" num="350" name="Myanmar (Burmese)"/>
  <script code="Nand" num="311" name="Nandinagari"/>
  <script code="Narb" num="106" name="Old North Arabian (Ancient North Arabian)"/>
  <script code="Nbat" num="159" name="Nabataean"/>
  <script code="Newa" num="333" name="Newa, Newar, Newari, Nepāla lipi"/>
  <script code="Nkdb" num="085" name="Naxi Dongba (na²¹ɕi³³ to³³ba²¹, Nakhi Tomba)"/>
  <script code="Nkgb" num="420" name="Naxi Geba (na²¹ɕi³³ gʌ²¹ba²¹, 'Na-'Khi ²Ggŏ-¹baw, Nakhi Geba)"/>
  <script code="Nkoo" num="165" name="N’Ko"/>
  <script code="Nshu" num="499" name="Nüshu"/>
  <script code="Ogam" num="212" name="Ogham"/>
  <script code="Olck" num="261" name="Ol Chiki (Ol Cemet’, Ol, Santali)"/>
  <script code="Orkh" num="175" name="Old Turkic, Orkhon Runic"/>
  <script code="Orya" num="327" name="Oriya (Odia)"/>
  <script code="Osge" num="219" name="Osage"/>
  <script code="Osma" num="260" name="Osmanya"/>
  <script code="Palm" num="126" name="Palmyrene"/>
  <script code="Pauc" num="263" name="Pau Cin Hau"/>
  <script code="Perm" num="227" name="Old Permic"/>
  <script code="Phag" num="331" name="Phags-pa"/>
  <script code="Phli" num="131" name="Inscriptional Pahlavi"/>
  <script code="Phlp" num="132" name="Psalter Pahlavi"/>
  <script code="Phlv" num="133" name="Book Pahlavi"/>
  <script code="Phnx" num="115" name="Phoenician"/>
  <script code="Plrd" num="282" name="Miao (Pollard)"/>
  <script code="Piqd" num="293" name="Klingon (KLI pIqaD)"/>
  <script code="Prti" num="130" name="Inscriptional Parthian"/>
  <script code="Qaaa" num="900" name="Reserved for private use (start)"/>
  <script code="Qabx" num="949" name="Reserved for private use (end)"/>
  <script code="Rjng" num="363" name="Rejang (Redjang, Kaganga)"/>
  <script code="Rohg" num="167" name="Hanifi Rohingya"/>
  <script code="Roro" num="620" name="Rongorongo"/>
  <script code="Runr" num="211" name="Runic"/>
  <script code="Samr" num="123" name="Samaritan"/>
  <script code="Sara" num="292" name="Sarati"/>
  <script code="Sarb" num="105" name="Old South Arabian"/>
  <script code="Saur" num="344" name="Saurashtra"/>
  <script code="Sgnw" num="095" name="SignWriting"/>
  <script code="Shaw" num="281" name="Shavian (Shaw)"/>
  <script code="Shrd" num="319" name="Sharada, Śāradā"/>
  <script code="Shui" num="530" name="Shuishu"/>
  <script code="Sidd" num="302" name="Siddham, Siddhaṃ, Siddhamātṛkā"/>
  <script code="Sind" num="318" name="Khudawadi, Sindhi"/>
  <script code="Sinh" num="348" name="Sinhala"/>
  <script code="Sogd" num="141" name="Sogdian"/>
  <script code="Sogo" num="142" name="Old Sogdian"/>
  <script code="Sora" num="398" name="Sora Sompeng"/>
  <script code="Soyo" num="329" name="Soyombo"/>
  <script code="Sund" num="362" name="Sundanese"/>
  <script code="Sylo" num="316" name="Syloti Nagri"/>
  <script code="Syrc" num="135" name="Syriac"/>
  <script code="Syre" num="138" name="Syriac (Estrangelo variant)"/>
  <script code="Syrj" num="137" name="Syriac (Western variant)"/>
  <script code="Syrn" num="136" name="Syriac (Eastern variant)"/>
  <script code="Tagb" num="373" name="Tagbanwa"/>
  <script code="Takr" num="321" name="Takri, Ṭākrī, Ṭāṅkrī"/>
  <script code="Tale" num="353" name="Tai Le"/>
  <script code="Talu" num="354" name="New Tai Lue"/>
  <script code="Taml" num="346" name="Tamil"/>
  <script code="Tang" num="520" name="Tangut"/>
  <script code="Tavt" num="359" name="Tai Viet"/>
  <script code="Telu" num="340" name="Telugu"/>
  <script code="Teng" num="290" name="Tengwar"/>
  <script code="Tfng" num="120" name="Tifinagh (Berber)"/>
  <script code="Tglg" num="370" name="Tagalog (Baybayin, Alibata)"/>
  <script code="Thaa" num="170" name="Thaana"/>
  <script code="Thai" num="352" name="Thai"/>
  <script code="Tibt" num="330" name="Tibetan"/>
  <script code="Tirh" num="326" name="Tirhuta"/>
  <script code="Toto" num="294" name="Toto"/>
  <script code="Ugar" num="040" name="Ugaritic"/>
  <script code="Vaii" num="470" name="Vai"/>
  <script code="Visp" num="280" name="Visible Speech"/>
  <script code="Wara" num="262" name="Warang Citi (Varang Kshiti)"/>
  <script code="Wcho" num="283" name="Wancho"/>
  <script code="Wole" num="480" name="Woleai"/>
  <script code="Xpeo" num="030" name="Old Persian"/>
  <script code="Xsux" num="020" name="Cuneiform, Sumero-Akkadian"/>
  <script code="Yezi" num="192" name="Yezidi"/>
  <script code="Yiii" num="460" name="Yi"/>
  <script code="Zanb" num="339" name="Zanabazar Square (Zanabazarin Dörböljin Useg, Xewtee Dörböljin Bicig, Horizontal Square Script)"/>
  <script code="Zinh" num="994" name="Code for inherited script"/>
  <script code="Zmth" num="995" name="Mathematical notation"/>
  <script code="Zsye" num="993" name="Symbols (Emoji variant)"/>
  <script code="Zsym" num="996" name="Symbols"/>
  <script code="Zxxx" num="997" name="Code for unwritten documents"/>
  <script code="Zyyy" num="998" name="Code for undetermined script"/>
  <script code="Zzzz" num="999" name="Code for uncoded script"/>

</xml-scripts>
