{
	"leader":"01031nas a2200337 c 4500",
	"fields":
	[
		{
			"001":"987874829"
		},
		{
			"003":"DE-101"
		},
		{
			"005":"20200306093601.0"
		},
		{
			"007":"cr||||||||||||"
		},
		{
			"008":"080311c20079999|||u||p|o ||| 0||||1eng c"
		},
		{
			"016":
			{
				"subfields":
				[
					{
						"2":"DE-101"
					},
					{
						"a":"987874829"
					}
				],
				"ind1":"7",
				"ind2":" "
			}

		},
		{
			"016":
			{
				"subfields":
				[
					{
						"2":"DE-600"
					},
					{
						"a":"2415107-5"
					}
				],
				"ind1":"7",
				"ind2":" "
			}

		},
		{
			"022":
			{
				"subfields":
				[
					{
						"a":"1940-5758"
					}
				],
				"ind1":" ",
				"ind2":" "
			}

		},
		{
			"035":
			{
				"subfields":
				[
					{
						"a":"(DE-599)ZDB2415107-5"
					}
				],
				"ind1":" ",
				"ind2":" "
			}

		},
		{
			"035":
			{
				"subfields":
				[
					{
						"a":"(OCoLC)502377032"
					}
				],
				"ind1":" ",
				"ind2":" "
			}

		},
		{
			"040":
			{
				"subfields":
				[
					{
						"a":"8999"
					},
					{
						"b":"ger"
					},
					{
						"c":"DE-101"
					},
					{
						"d":"0023"
					}
				],
				"ind1":" ",
				"ind2":" "
			}

		},
		{
			"041":
			{
				"subfields":
				[
					{
						"a":"eng"
					}
				],
				"ind1":" ",
				"ind2":" "
			}

		},
		{
			"082":
			{
				"subfields":
				[
					{
						"a":"020"
					},
					{
						"q":"DE-600"
					},
					{
						"2":"22sdnb"
					}
				],
				"ind1":"7",
				"ind2":"4"
			}

		},
		{
			"084":
			{
				"subfields":
				[
					{
						"a":"BBI"
					},
					{
						"q":"DE-23"
					},
					{
						"2":"fid"
					}
				],
				"ind1":" ",
				"ind2":" "
			}

		},
		{
			"245":
			{
				"subfields":
				[
					{
						"a":"Code4Lib journal"
					},
					{
						"b":"C4LJ"
					}
				],
				"ind1":"0",
				"ind2":"0"
			}

		},
		{
			"246":
			{
				"subfields":
				[
					{
						"a":"C4LJ"
					}
				],
				"ind1":"3",
				"ind2":" "
			}

		},
		{
			"264":
			{
				"subfields":
				[
					{
						"a":"[S.l.]"
					},
					{
						"c":"2007-"
					}
				],
				"ind1":"3",
				"ind2":"1"
			}

		},
		{
			"300":
			{
				"subfields":
				[
					{
						"a":"Online-Ressource"
					}
				],
				"ind1":" ",
				"ind2":" "
			}

		},
		{
			"336":
			{
				"subfields":
				[
					{
						"a":"Text"
					},
					{
						"b":"txt"
					},
					{
						"2":"rdacontent"
					}
				],
				"ind1":" ",
				"ind2":" "
			}

		},
		{
			"337":
			{
				"subfields":
				[
					{
						"a":"Computermedien"
					},
					{
						"b":"c"
					},
					{
						"2":"rdamedia"
					}
				],
				"ind1":" ",
				"ind2":" "
			}

		},
		{
			"338":
			{
				"subfields":
				[
					{
						"a":"Online-Ressource"
					},
					{
						"b":"cr"
					},
					{
						"2":"rdacarrier"
					}
				],
				"ind1":" ",
				"ind2":" "
			}

		},
		{
			"362":
			{
				"subfields":
				[
					{
						"a":"1.2007 -"
					}
				],
				"ind1":"0",
				"ind2":" "
			}

		},
		{
			"363":
			{
				"subfields":
				[
					{
						"8":"1.1\\x"
					},
					{
						"a":"1"
					},
					{
						"i":"2007"
					}
				],
				"ind1":"0",
				"ind2":"1"
			}

		},
		{
			"655":
			{
				"subfields":
				[
					{
						"0":"(DE-588)4067488-5"
					},
					{
						"0":"https://d-nb.info/gnd/4067488-5"
					},
					{
						"0":"(DE-101)040674886"
					},
					{
						"a":"Zeitschrift"
					},
					{
						"2":"gnd-content"
					}
				],
				"ind1":" ",
				"ind2":"7"
			}

		},
		{
			"856":
			{
				"subfields":
				[
					{
						"u":"http://journal.code4lib.org/"
					},
					{
						"x":"Verlag"
					},
					{
						"z":"kostenfrei"
					}
				],
				"ind1":"4",
				"ind2":" "
			}

		},
		{
			"856":
			{
				"subfields":
				[
					{
						"u":"http://www.bibliothek.uni-regensburg.de/ezeit/?2415107"
					},
					{
						"x":"EZB"
					}
				],
				"ind1":"4",
				"ind2":" "
			}

		}
	]
}
