{
	"leader":"00251nas a2200121 c 4500",
	"fields":
	[
		{
			"001":"987874829"
		},
		{
			"007":"cr||||||||||||"
		},
		{
			"022":
			{
				"subfields":
				[
					{
						"a":"1940-5758"
					}
				],
				"ind1":" ",
				"ind2":" "
			}

		},
		{
			"041":
			{
				"subfields":
				[
					{
						"a":"eng"
					}
				],
				"ind1":" ",
				"ind2":" "
			}

		},
		{
			"245":
			{
				"subfields":
				[
					{
						"a":"Code4Lib journal"
					},
					{
						"b":"C4LJ"
					}
				],
				"ind1":"0",
				"ind2":"0"
			}

		},
		{
			"246":
			{
				"subfields":
				[
					{
						"a":"C4LJ"
					}
				],
				"ind1":"3",
				"ind2":" "
			}

		},
		{
			"362":
			{
				"subfields":
				[
					{
						"a":"1.2007 -"
					}
				],
				"ind1":"0",
				"ind2":" "
			}

		},
		{
			"856":
			{
				"subfields":
				[
					{
						"u":"http://journal.code4lib.org/"
					}
				],
				"ind1":"4",
				"ind2":" "
			}

		}
	]
}
